ticker,company
ABC,Robel Inc
ABD,Williamson Inc
ABE,Roob - Hodkiewicz
ABF,"Cronin, Bosco and Armstrong"
ABG,Volkman - Koelpin
ABH,Weissnat - Strosin
ABI,"Mayert, Sauer and Jakubowski"
ABJ,Johnston - Schultz
ABK,Aufderhar Inc
ABL,"Beahan, Crona and Kutch"
ABM,Gaylord Group
ABN,Reichert LLC
ABO,"Bahringer, Schowalter and Streich"
ABP,Rempel Inc
ABQ,Rolfson Inc
ABR,Johns and Sons
ABS,Veum - Smitham
ABT,"Lang, Mitchell and Bode"
ABU,Yundt LLC
ABV,"Thiel - O'Hara"
ABW,Pfeffer - Deckow
ABX,"Greenholt, Nicolas and Fritsch"
ABY,Goyette Inc
ABZ,Langosh - Ratke
ACD,"Treutel, Douglas and Paucek"
ACE,"Swaniawski, Stark and MacGyver"
ACF,McClure LLC
ACG,Gibson - Schmeler
ACH,Wisozk - Bins
ACI,Schamberger - Lakin
ACJ,"Windler, Ruecker and Windler"
ACK,Schoen and Sons
ACL,"Wuckert, Johnson and Mann"
ACM,"Gutkowski, Hayes and Hegmann"
ACN,Glover - Carroll
ACO,Harber Inc
ACP,Herzog - Berge
ACQ,"Zemlak, Legros and McDermott"
ACR,Trantow LLC
ACS,Von LLC
ACT,Ondricka - Sporer
ACU,"Volkman, Armstrong and Huels"
ACV,Kilback and Sons
ACW,"Dare, Gerhold and Mohr"
ACX,Hayes - Lindgren
ACY,"Ebert, Erdman and Kovacek"
ACZ,Labadie - Ruecker
ADE,"Kozey, Sipes and Satterfield"
ADF,Koepp Group
ADG,Daugherty LLC
ADH,"Gerlach, Johnston and Konopelski"
ADI,"Stamm, Okuneva and Grady"
ADJ,"Greenfelder, Hauck and West"
ADK,Trantow - Schmidt
ADL,"Rogahn, Carroll and Goodwin"
ADM,Macejkovic Inc
ADN,"Huel, Osinski and Wiegand"
ADO,Nader and Sons
ADP,Luettgen and Sons
ADQ,Adams - Lakin
ADR,Rogahn LLC
ADS,Larson Inc
ADT,"Berge, Lesch and Connelly"
ADU,Kunze Inc
ADV,Emmerich and Sons
ADW,Wyman - Mante
ADX,Wisoky Group
ADY,Tromp - Kemmer
ADZ,Pfannerstill Inc
AEF,Bode Inc
AEG,Douglas LLC
AEH,Dickens - Cummerata
AEI,Koss Group
AEJ,Pollich - Schroeder
AEK,"Kozey, Gaylord and Mohr"
AEL,Jacobi - Labadie
AEM,Braun - Wiegand
AEN,"Huel, Jast and Wiza"
AEO,Ferry - Gusikowski
AEP,Torphy - Bashirian
AEQ,"Purdy, Simonis and Nienow"
AER,Lakin Inc
AES,"Tromp, Conn and Spinka"
AET,"Reichel, Cassin and Swift"
AEU,Maggio - Vandervort
AEV,"Harvey, Walsh and Reynolds"
AEW,Fritsch and Sons
AEX,"Murray, Johns and Reynolds"
AEY,"Hilpert, Gerlach and Schimmel"
AEZ,Schulist Group
AFG,Kulas Inc
AFH,Feest Inc
AFI,Stehr - Bruen
AFJ,Beier Group
AFK,Kuvalis Group
AFL,Douglas - Roberts
AFM,Wehner - Williamson
AFN,Schamberger LLC
AFO,Romaguera LLC
AFP,Shields - Nitzsche